<component name="libraryTable">
  <library name="Maven: ch.qos.logback:logback-classic:1.2.3">
    <CLASSES>
      <root url="jar://$MAVEN_REPOSITORY$/ch/qos/logback/logback-classic/1.2.3/logback-classic-1.2.3.jar!/" />
    </CLASSES>
    <JAVADOC>
      <root url="jar://$MAVEN_REPOSITORY$/ch/qos/logback/logback-classic/1.2.3/logback-classic-1.2.3-javadoc.jar!/" />
    </JAVADOC>
    <SOURCES>
      <root url="jar://$MAVEN_REPOSITORY$/ch/qos/logback/logback-classic/1.2.3/logback-classic-1.2.3-sources.jar!/" />
    </SOURCES>
  </library>
</component>