<component name="libraryTable">
  <library name="Maven: org.assertj:assertj-core:3.16.1">
    <CLASSES>
      <root url="jar://$MAVEN_REPOSITORY$/org/assertj/assertj-core/3.16.1/assertj-core-3.16.1.jar!/" />
    </CLASSES>
    <JAVADOC>
      <root url="jar://$MAVEN_REPOSITORY$/org/assertj/assertj-core/3.16.1/assertj-core-3.16.1-javadoc.jar!/" />
    </JAVADOC>
    <SOURCES>
      <root url="jar://$MAVEN_REPOSITORY$/org/assertj/assertj-core/3.16.1/assertj-core-3.16.1-sources.jar!/" />
    </SOURCES>
  </library>
</component>