<component name="libraryTable">
  <library name="Maven: com.sun.activation:jakarta.activation:1.2.2">
    <CLASSES>
      <root url="jar://$MAVEN_REPOSITORY$/com/sun/activation/jakarta.activation/1.2.2/jakarta.activation-1.2.2.jar!/" />
    </CLASSES>
    <JAVADOC>
      <root url="jar://$MAVEN_REPOSITORY$/com/sun/activation/jakarta.activation/1.2.2/jakarta.activation-1.2.2-javadoc.jar!/" />
    </JAVADOC>
    <SOURCES>
      <root url="jar://$MAVEN_REPOSITORY$/com/sun/activation/jakarta.activation/1.2.2/jakarta.activation-1.2.2-sources.jar!/" />
    </SOURCES>
  </library>
</component>