<component name="libraryTable">
  <library name="Maven: org.apache.tomcat.embed:tomcat-embed-websocket:9.0.37">
    <CLASSES>
      <root url="jar://$MAVEN_REPOSITORY$/org/apache/tomcat/embed/tomcat-embed-websocket/9.0.37/tomcat-embed-websocket-9.0.37.jar!/" />
    </CLASSES>
    <JAVADOC>
      <root url="jar://$MAVEN_REPOSITORY$/org/apache/tomcat/embed/tomcat-embed-websocket/9.0.37/tomcat-embed-websocket-9.0.37-javadoc.jar!/" />
    </JAVADOC>
    <SOURCES>
      <root url="jar://$MAVEN_REPOSITORY$/org/apache/tomcat/embed/tomcat-embed-websocket/9.0.37/tomcat-embed-websocket-9.0.37-sources.jar!/" />
    </SOURCES>
  </library>
</component>