<component name="libraryTable">
  <library name="Maven: com.googlecode.princeton-java-algorithms:algorithms:4.0.1">
    <CLASSES>
      <root url="jar://$MAVEN_REPOSITORY$/com/googlecode/princeton-java-algorithms/algorithms/4.0.1/algorithms-4.0.1.jar!/" />
    </CLASSES>
    <JAVADOC>
      <root url="jar://$MAVEN_REPOSITORY$/com/googlecode/princeton-java-algorithms/algorithms/4.0.1/algorithms-4.0.1-javadoc.jar!/" />
    </JAVADOC>
    <SOURCES>
      <root url="jar://$MAVEN_REPOSITORY$/com/googlecode/princeton-java-algorithms/algorithms/4.0.1/algorithms-4.0.1-sources.jar!/" />
    </SOURCES>
  </library>
</component>