<component name="libraryTable">
  <library name="Maven: java3d:j3d-core-utils:1.3.1">
    <CLASSES>
      <root url="jar://$MAVEN_REPOSITORY$/java3d/j3d-core-utils/1.3.1/j3d-core-utils-1.3.1.jar!/" />
    </CLASSES>
    <JAVADOC>
      <root url="jar://$MAVEN_REPOSITORY$/java3d/j3d-core-utils/1.3.1/j3d-core-utils-1.3.1-javadoc.jar!/" />
    </JAVADOC>
    <SOURCES>
      <root url="jar://$MAVEN_REPOSITORY$/java3d/j3d-core-utils/1.3.1/j3d-core-utils-1.3.1-sources.jar!/" />
    </SOURCES>
  </library>
</component>