<component name="libraryTable">
  <library name="Maven: com.fasterxml.jackson.datatype:jackson-datatype-jdk8:2.11.2">
    <CLASSES>
      <root url="jar://$MAVEN_REPOSITORY$/com/fasterxml/jackson/datatype/jackson-datatype-jdk8/2.11.2/jackson-datatype-jdk8-2.11.2.jar!/" />
    </CLASSES>
    <JAVADOC>
      <root url="jar://$MAVEN_REPOSITORY$/com/fasterxml/jackson/datatype/jackson-datatype-jdk8/2.11.2/jackson-datatype-jdk8-2.11.2-javadoc.jar!/" />
    </JAVADOC>
    <SOURCES>
      <root url="jar://$MAVEN_REPOSITORY$/com/fasterxml/jackson/datatype/jackson-datatype-jdk8/2.11.2/jackson-datatype-jdk8-2.11.2-sources.jar!/" />
    </SOURCES>
  </library>
</component>