<component name="libraryTable">
  <library name="Maven: org.hibernate:hibernate-core:5.4.20.Final">
    <CLASSES>
      <root url="jar://$MAVEN_REPOSITORY$/org/hibernate/hibernate-core/5.4.20.Final/hibernate-core-5.4.20.Final.jar!/" />
    </CLASSES>
    <JAVADOC>
      <root url="jar://$MAVEN_REPOSITORY$/org/hibernate/hibernate-core/5.4.20.Final/hibernate-core-5.4.20.Final-javadoc.jar!/" />
    </JAVADOC>
    <SOURCES>
      <root url="jar://$MAVEN_REPOSITORY$/org/hibernate/hibernate-core/5.4.20.Final/hibernate-core-5.4.20.Final-sources.jar!/" />
    </SOURCES>
  </library>
</component>