<component name="libraryTable">
  <library name="Maven: org.glassfish.jaxb:jaxb-runtime:2.3.3">
    <CLASSES>
      <root url="jar://$MAVEN_REPOSITORY$/org/glassfish/jaxb/jaxb-runtime/2.3.3/jaxb-runtime-2.3.3.jar!/" />
    </CLASSES>
    <JAVADOC>
      <root url="jar://$MAVEN_REPOSITORY$/org/glassfish/jaxb/jaxb-runtime/2.3.3/jaxb-runtime-2.3.3-javadoc.jar!/" />
    </JAVADOC>
    <SOURCES>
      <root url="jar://$MAVEN_REPOSITORY$/org/glassfish/jaxb/jaxb-runtime/2.3.3/jaxb-runtime-2.3.3-sources.jar!/" />
    </SOURCES>
  </library>
</component>