<component name="libraryTable">
  <library name="Maven: org.postgresql:postgresql:42.2.14">
    <CLASSES>
      <root url="jar://$MAVEN_REPOSITORY$/org/postgresql/postgresql/42.2.14/postgresql-42.2.14.jar!/" />
    </CLASSES>
    <JAVADOC>
      <root url="jar://$MAVEN_REPOSITORY$/org/postgresql/postgresql/42.2.14/postgresql-42.2.14-javadoc.jar!/" />
    </JAVADOC>
    <SOURCES>
      <root url="jar://$MAVEN_REPOSITORY$/org/postgresql/postgresql/42.2.14/postgresql-42.2.14-sources.jar!/" />
    </SOURCES>
  </library>
</component>